{
  "scenario": {
    "scenario_id": "R3",
    "regime": "economic-shift",
    "mechanism": "steam (reboiler-energy) cost c_S multiplied by `factor` at the event",
    "expected_supervisory_response": "trigger_rto_run -> RTO re-optimizes to a lower-purity, lower-energy operating point"
  },
  "config": {
    "model": "qwen3:30b",
    "rto_variant": "ma",
    "agentic": false
  },
  "rto_handoffs": [
    {
      "t": 0.0,
      "setpoints": {
        "xD": 0.966,
        "xB": 0.005
      },
      "rto_type": "MA",
      "rto_status": {
        "setpoints": {
          "xD": 0.966,
          "xB": 0.005
        },
        "realized": {
          "xD": 0.9659999999999996,
          "xB": 0.0049999999999992455
        },
        "inputs": {
          "R": 1.9509418999838162,
          "S": 1.7103204402006797
        },
        "objective": 14.132981321998502,
        "converged": true,
        "active_constraints": [],
        "model_plant_gap": 1.040610715818957e-06,
        "type": "MA",
        "iteration": 1
      },
      "settled_since_prev": false
    },
    {
      "t": 60.0,
      "setpoints": {
        "xD": 0.966,
        "xB": 0.008
      },
      "rto_type": "MA",
      "rto_status": {
        "setpoints": {
          "xD": 0.966,
          "xB": 0.008
        },
        "realized": {
          "xD": 0.966000000000002,
          "xB": 0.008000000000001534
        },
        "inputs": {
          "R": 1.9504830878782975,
          "S": 1.7100097103091114
        },
        "objective": 14.12348536693836,
        "converged": true,
        "active_constraints": [],
        "model_plant_gap": -1.7743094780087176e-06,
        "type": "MA",
        "iteration": 2
      },
      "settled_since_prev": false
    },
    {
      "t": 100.0,
      "setpoints": {
        "xD": 0.9669466008891139,
        "xB": 0.004549995015676461
      },
      "rto_type": "MA",
      "rto_status": {
        "setpoints": {
          "xD": 0.9669466008891139,
          "xB": 0.004549995015676461
        },
        "realized": {
          "xD": 0.9669466008891151,
          "xB": 0.004549995015677117
        },
        "inputs": {
          "R": 1.9511593231222895,
          "S": 1.7104176050304862
        },
        "objective": 13.543227040345354,
        "converged": true,
        "active_constraints": [],
        "model_plant_gap": 0.001072021865017092,
        "type": "MA",
        "iteration": 3
      },
      "settled_since_prev": false
    },
    {
      "t": 120.0,
      "setpoints": {
        "xD": 0.9359732955009284,
        "xB": 0.0028927854291763704
      },
      "rto_type": "MA",
      "rto_status": {
        "setpoints": {
          "xD": 0.9359732955009284,
          "xB": 0.0028927854291763704
        },
        "realized": {
          "xD": 0.9359732955009259,
          "xB": 0.002892785429174099
        },
        "inputs": {
          "R": 1.9465504797548678,
          "S": 1.708935071183142
        },
        "objective": 13.521222655130623,
        "converged": true,
        "active_constraints": [],
        "model_plant_gap": 0.0041335591004401095,
        "type": "MA",
        "iteration": 4
      },
      "settled_since_prev": false
    },
    {
      "t": 180.0,
      "setpoints": {
        "xD": 0.920486642871382,
        "xB": 0.002319633770821124
      },
      "rto_type": "MA",
      "rto_status": {
        "setpoints": {
          "xD": 0.920486642871382,
          "xB": 0.002319633770821124
        },
        "realized": {
          "xD": 0.9204866428713803,
          "xB": 0.0023196337708196657
        },
        "inputs": {
          "R": 1.9442069897510623,
          "S": 1.708167345287948
        },
        "objective": 13.49007088104277,
        "converged": true,
        "active_constraints": [],
        "model_plant_gap": 0.0028528595761585507,
        "type": "MA",
        "iteration": 5
      },
      "settled_since_prev": false
    },
    {
      "t": 240.0,
      "setpoints": {
        "xD": 0.9127433167592378,
        "xB": 0.002160114011492428
      },
      "rto_type": "MA",
      "rto_status": {
        "setpoints": {
          "xD": 0.9127433167592378,
          "xB": 0.002160114011492428
        },
        "realized": {
          "xD": 0.9127433167592374,
          "xB": 0.002160114011492249
        },
        "inputs": {
          "R": 1.9430158131599935,
          "S": 1.7077703223115703
        },
        "objective": 13.475769836503632,
        "converged": true,
        "active_constraints": [],
        "model_plant_gap": 0.006834926302312638,
        "type": "MA",
        "iteration": 6
      },
      "settled_since_prev": false
    }
  ],
  "agent_decisions": [],
  "final_realized": {
    "xD": 0.9204273237745055,
    "xB": 0.0022145025991353083
  },
  "final_setpoint": {
    "xD": 0.9127433167592378,
    "xB": 0.002160114011492428
  },
  "n_rto_commands": 6,
  "n_agent_decisions": 0,
  "n_agent_actions": 0
}