{
  "scenario": {
    "scenario_id": "R4",
    "regime": "economic-shift (constraint-driven)",
    "mechanism": "distillate-demand cap D <= D_max imposed at the event",
    "expected_supervisory_response": "trigger_rto_run -> RTO re-optimizes to a higher-purity (demand-capped) point"
  },
  "config": {
    "model": "qwen3:30b",
    "rto_variant": "ma",
    "agentic": false,
    "supervisor": "none",
    "seed": 42
  },
  "rto_handoffs": [
    {
      "t": 0.0,
      "setpoints": {
        "xD": 0.966,
        "xB": 0.005
      },
      "rto_type": "MA",
      "rto_status": {
        "setpoints": {
          "xD": 0.966,
          "xB": 0.005
        },
        "realized": {
          "xD": 0.9659999999999996,
          "xB": 0.0049999999999992455
        },
        "inputs": {
          "R": 1.9509418999838162,
          "S": 1.7103204402006797
        },
        "objective": 14.132981321998502,
        "converged": true,
        "active_constraints": [],
        "model_plant_gap": 4.9135454327497996e-05,
        "type": "MA",
        "iteration": 1
      },
      "settled_since_prev": false
    },
    {
      "t": 60.0,
      "setpoints": {
        "xD": 0.966,
        "xB": 0.008
      },
      "rto_type": "MA",
      "rto_status": {
        "setpoints": {
          "xD": 0.966,
          "xB": 0.008
        },
        "realized": {
          "xD": 0.966000000000002,
          "xB": 0.008000000000001534
        },
        "inputs": {
          "R": 1.9504830878782975,
          "S": 1.7100097103091114
        },
        "objective": 14.12348536693836,
        "converged": true,
        "active_constraints": [],
        "model_plant_gap": 6.999939131269173e-05,
        "type": "MA",
        "iteration": 2
      },
      "settled_since_prev": false
    },
    {
      "t": 100.0,
      "setpoints": {
        "xD": 0.9780742641467357,
        "xB": 0.00892572630935024
      },
      "rto_type": "MA",
      "rto_status": {
        "setpoints": {
          "xD": 0.9780742641467357,
          "xB": 0.00892572630935024
        },
        "realized": {
          "xD": 0.9780742641467339,
          "xB": 0.008925726309349152
        },
        "inputs": {
          "R": 1.952236967933322,
          "S": 1.710558673301576
        },
        "objective": 14.107853476886493,
        "converged": true,
        "active_constraints": [],
        "model_plant_gap": -0.0013354453355276519,
        "type": "MA",
        "iteration": 3
      },
      "settled_since_prev": false
    },
    {
      "t": 120.0,
      "setpoints": {
        "xD": 0.9839145316638164,
        "xB": 0.009585453868997104
      },
      "rto_type": "MA",
      "rto_status": {
        "setpoints": {
          "xD": 0.9839145316638164,
          "xB": 0.009585453868997104
        },
        "realized": {
          "xD": 0.9839145316638189,
          "xB": 0.009585453868999156
        },
        "inputs": {
          "R": 1.9530528955830555,
          "S": 1.7108022503597509
        },
        "objective": 14.092008627909896,
        "converged": true,
        "active_constraints": [],
        "model_plant_gap": -0.0006452444200224505,
        "type": "MA",
        "iteration": 4
      },
      "settled_since_prev": false
    },
    {
      "t": 180.0,
      "setpoints": {
        "xD": 0.9864971352349179,
        "xB": 0.010252847851923447
      },
      "rto_type": "MA",
      "rto_status": {
        "setpoints": {
          "xD": 0.9864971352349179,
          "xB": 0.010252847851923447
        },
        "realized": {
          "xD": 0.9864971352349178,
          "xB": 0.010252847851922792
        },
        "inputs": {
          "R": 1.9533562518138539,
          "S": 1.7108710522742017
        },
        "objective": 14.079544133229886,
        "converged": true,
        "active_constraints": [],
        "model_plant_gap": 0.0019446183007580942,
        "type": "MA",
        "iteration": 5
      },
      "settled_since_prev": false
    },
    {
      "t": 240.0,
      "setpoints": {
        "xD": 0.9876640221497773,
        "xB": 0.01071095972844393
      },
      "rto_type": "MA",
      "rto_status": {
        "setpoints": {
          "xD": 0.9876640221497773,
          "xB": 0.01071095972844393
        },
        "realized": {
          "xD": 0.9876640221497761,
          "xB": 0.0107109597284426
        },
        "inputs": {
          "R": 1.9534693711833475,
          "S": 1.7108859221691572
        },
        "objective": 14.071815809229241,
        "converged": true,
        "active_constraints": [],
        "model_plant_gap": 0.0005144803509651297,
        "type": "MA",
        "iteration": 6
      },
      "settled_since_prev": false
    }
  ],
  "agent_decisions": [],
  "final_realized": {
    "xD": 0.9867599947998371,
    "xB": 0.01020331330026277
  },
  "final_setpoint": {
    "xD": 0.9876640221497773,
    "xB": 0.01071095972844393
  },
  "n_rto_commands": 6,
  "n_agent_decisions": 0,
  "n_agent_actions": 0
}