{
  "scenario": {
    "scenario_id": "R4",
    "regime": "economic-shift (constraint-driven)",
    "mechanism": "distillate-demand cap D <= D_max imposed at the event",
    "expected_supervisory_response": "trigger_rto_run -> RTO re-optimizes to a higher-purity (demand-capped) point"
  },
  "config": {
    "model": "qwen3:30b",
    "rto_variant": "ma",
    "agentic": false
  },
  "rto_handoffs": [
    {
      "t": 0.0,
      "setpoints": {
        "xD": 0.966,
        "xB": 0.005
      },
      "rto_type": "MA",
      "rto_status": {
        "setpoints": {
          "xD": 0.966,
          "xB": 0.005
        },
        "realized": {
          "xD": 0.9659999999999996,
          "xB": 0.0049999999999992455
        },
        "inputs": {
          "R": 1.9509418999838162,
          "S": 1.7103204402006797
        },
        "objective": 14.132981321998502,
        "converged": true,
        "active_constraints": [],
        "model_plant_gap": 1.040610715818957e-06,
        "type": "MA",
        "iteration": 1
      },
      "settled_since_prev": false
    },
    {
      "t": 60.0,
      "setpoints": {
        "xD": 0.966,
        "xB": 0.008
      },
      "rto_type": "MA",
      "rto_status": {
        "setpoints": {
          "xD": 0.966,
          "xB": 0.008
        },
        "realized": {
          "xD": 0.966000000000002,
          "xB": 0.008000000000001534
        },
        "inputs": {
          "R": 1.9504830878782975,
          "S": 1.7100097103091114
        },
        "objective": 14.12348536693836,
        "converged": true,
        "active_constraints": [],
        "model_plant_gap": -1.7743094780087176e-06,
        "type": "MA",
        "iteration": 2
      },
      "settled_since_prev": false
    },
    {
      "t": 100.0,
      "setpoints": {
        "xD": 0.9780843682479708,
        "xB": 0.00891562220722215
      },
      "rto_type": "MA",
      "rto_status": {
        "setpoints": {
          "xD": 0.9780843682479708,
          "xB": 0.00891562220722215
        },
        "realized": {
          "xD": 0.978084368247974,
          "xB": 0.008915622207224746
        },
        "inputs": {
          "R": 1.9522400994035778,
          "S": 1.7105602594771334
        },
        "objective": 14.107904857251388,
        "converged": true,
        "active_constraints": [],
        "model_plant_gap": -0.001337317527058346,
        "type": "MA",
        "iteration": 3
      },
      "settled_since_prev": false
    },
    {
      "t": 120.0,
      "setpoints": {
        "xD": 0.9839477926550241,
        "xB": 0.009552192876495738
      },
      "rto_type": "MA",
      "rto_status": {
        "setpoints": {
          "xD": 0.9839477926550241,
          "xB": 0.009552192876495738
        },
        "realized": {
          "xD": 0.9839477926550227,
          "xB": 0.009552192876494087
        },
        "inputs": {
          "R": 1.9530632038529026,
          "S": 1.710807471781065
        },
        "objective": 14.092163216468784,
        "converged": true,
        "active_constraints": [],
        "model_plant_gap": -0.001662217938356747,
        "type": "MA",
        "iteration": 4
      },
      "settled_since_prev": false
    },
    {
      "t": 180.0,
      "setpoints": {
        "xD": 0.9865889719656593,
        "xB": 0.010161011119081348
      },
      "rto_type": "MA",
      "rto_status": {
        "setpoints": {
          "xD": 0.9865889719656593,
          "xB": 0.010161011119081348
        },
        "realized": {
          "xD": 0.9865889719656595,
          "xB": 0.010161011119081229
        },
        "inputs": {
          "R": 1.9533847139179734,
          "S": 1.7108854691102857
        },
        "objective": 14.079944855178598,
        "converged": true,
        "active_constraints": [],
        "model_plant_gap": -0.0003777889505300891,
        "type": "MA",
        "iteration": 5
      },
      "settled_since_prev": false
    },
    {
      "t": 240.0,
      "setpoints": {
        "xD": 0.9878243498768773,
        "xB": 0.010550631998278135
      },
      "rto_type": "MA",
      "rto_status": {
        "setpoints": {
          "xD": 0.9878243498768773,
          "xB": 0.010550631998278135
        },
        "realized": {
          "xD": 0.9878243498768771,
          "xB": 0.010550631998277701
        },
        "inputs": {
          "R": 1.9535190600650911,
          "S": 1.7109110909500682
        },
        "objective": 14.072486370360236,
        "converged": true,
        "active_constraints": [],
        "model_plant_gap": -0.0008838466994518512,
        "type": "MA",
        "iteration": 6
      },
      "settled_since_prev": false
    }
  ],
  "agent_decisions": [],
  "final_realized": {
    "xD": 0.9865311997847535,
    "xB": 0.010056271461316999
  },
  "final_setpoint": {
    "xD": 0.9878243498768773,
    "xB": 0.010550631998278135
  },
  "n_rto_commands": 6,
  "n_agent_decisions": 0,
  "n_agent_actions": 0
}