{
  "scenario": {
    "scenario_id": "R5",
    "regime": "constraint-change (infeasibility)",
    "mechanism": "xB_max tightened below the physical minimum -> RTO returns infeasible",
    "expected_supervisory_response": "get_rto_status shows infeasible; agent reports, does NOT command an out-of-spec target"
  },
  "config": {
    "model": "qwen3:30b",
    "rto_variant": "ma-gp",
    "agentic": false,
    "supervisor": "none",
    "seed": 42
  },
  "rto_handoffs": [
    {
      "t": 0.0,
      "setpoints": {
        "xD": 0.9175488885212701,
        "xB": 0.03621687824604672
      },
      "rto_type": "MA-GP",
      "rto_status": {
        "setpoints": {
          "xD": 0.9175488885212701,
          "xB": 0.03621687824604672
        },
        "realized": {
          "xD": 0.9175488885212716,
          "xB": 0.03621687824604775
        },
        "inputs": {
          "R": 1.938561655918938,
          "S": 1.7044994871556156
        },
        "objective": 13.83112687987943,
        "converged": false,
        "active_constraints": [],
        "model_plant_gap": 0.002227229838704048,
        "type": "MA-GP",
        "iteration": 1,
        "trust_radius": 0.2
      },
      "settled_since_prev": false
    },
    {
      "t": 60.0,
      "setpoints": {
        "xD": 0.9511594786914026,
        "xB": 0.006904672334600325
      },
      "rto_type": "MA-GP",
      "rto_status": {
        "setpoints": {
          "xD": 0.9511594786914026,
          "xB": 0.006904672334600325
        },
        "realized": {
          "xD": 0.9511594786914044,
          "xB": 0.006904672334602164
        },
        "inputs": {
          "R": 1.9483208899456972,
          "S": 1.7093305773869587
        },
        "objective": 14.128803510534865,
        "converged": false,
        "active_constraints": [],
        "model_plant_gap": 0.00021851964919328282,
        "type": "MA-GP",
        "iteration": 2,
        "trust_radius": 0.2
      },
      "settled_since_prev": false
    },
    {
      "t": 100.0,
      "setpoints": {
        "xD": 0.9511594786914026,
        "xB": 0.006904672334600325
      },
      "rto_type": "MA-GP",
      "rto_status": {
        "setpoints": {
          "xD": 0.9511594786914026,
          "xB": 0.006904672334600325
        },
        "realized": {
          "xD": 0.9511594786914044,
          "xB": 0.006904672334602164
        },
        "inputs": {
          "R": 1.9483208899456972,
          "S": 1.7093305773869587
        },
        "objective": 14.128803510534865,
        "converged": false,
        "active_constraints": [
          "xB_max(infeasible)"
        ],
        "model_plant_gap": null,
        "type": "MA-GP",
        "iteration": 3,
        "trust_radius": 0.2,
        "status": "infeasible"
      },
      "settled_since_prev": false
    },
    {
      "t": 120.0,
      "setpoints": {
        "xD": 0.9511594786914026,
        "xB": 0.006904672334600325
      },
      "rto_type": "MA-GP",
      "rto_status": {
        "setpoints": {
          "xD": 0.9511594786914026,
          "xB": 0.006904672334600325
        },
        "realized": {
          "xD": 0.9511594786914044,
          "xB": 0.006904672334602164
        },
        "inputs": {
          "R": 1.9483208899456972,
          "S": 1.7093305773869587
        },
        "objective": 14.128803510534865,
        "converged": false,
        "active_constraints": [
          "xB_max(infeasible)"
        ],
        "model_plant_gap": null,
        "type": "MA-GP",
        "iteration": 4,
        "trust_radius": 0.2,
        "status": "infeasible"
      },
      "settled_since_prev": false
    },
    {
      "t": 180.0,
      "setpoints": {
        "xD": 0.9511594786914026,
        "xB": 0.006904672334600325
      },
      "rto_type": "MA-GP",
      "rto_status": {
        "setpoints": {
          "xD": 0.9511594786914026,
          "xB": 0.006904672334600325
        },
        "realized": {
          "xD": 0.9511594786914044,
          "xB": 0.006904672334602164
        },
        "inputs": {
          "R": 1.9483208899456972,
          "S": 1.7093305773869587
        },
        "objective": 14.128803510534865,
        "converged": false,
        "active_constraints": [
          "xB_max(infeasible)"
        ],
        "model_plant_gap": null,
        "type": "MA-GP",
        "iteration": 5,
        "trust_radius": 0.2,
        "status": "infeasible"
      },
      "settled_since_prev": false
    },
    {
      "t": 240.0,
      "setpoints": {
        "xD": 0.9511594786914026,
        "xB": 0.006904672334600325
      },
      "rto_type": "MA-GP",
      "rto_status": {
        "setpoints": {
          "xD": 0.9511594786914026,
          "xB": 0.006904672334600325
        },
        "realized": {
          "xD": 0.9511594786914044,
          "xB": 0.006904672334602164
        },
        "inputs": {
          "R": 1.9483208899456972,
          "S": 1.7093305773869587
        },
        "objective": 14.128803510534865,
        "converged": false,
        "active_constraints": [
          "xB_max(infeasible)"
        ],
        "model_plant_gap": null,
        "type": "MA-GP",
        "iteration": 6,
        "trust_radius": 0.2,
        "status": "infeasible"
      },
      "settled_since_prev": false
    }
  ],
  "agent_decisions": [],
  "final_realized": {
    "xD": 0.9600357892255478,
    "xB": 0.005042740757773796
  },
  "final_setpoint": {
    "xD": 0.96,
    "xB": 0.005
  },
  "n_rto_commands": 6,
  "n_agent_decisions": 0,
  "n_agent_actions": 0
}