{
  "scenario": {
    "scenario_id": "R7",
    "regime": "mpc-tracking degradation",
    "mechanism": "step xD output (load) disturbance -0.03 the MPC must reject; offset + ISE rise",
    "expected_supervisory_response": "agent sees biased innovation / rising ISE; MA/MA-GP or a target nudge restores it"
  },
  "config": {
    "model": "claude-sonnet-4-6",
    "rto_variant": "ma",
    "agentic": false,
    "supervisor": "none",
    "seed": 2,
    "prompt": "n/a"
  },
  "rto_handoffs": [
    {
      "t": 0.0,
      "setpoints": {
        "xD": 0.966,
        "xB": 0.005
      },
      "rto_type": "MA",
      "rto_status": {
        "setpoints": {
          "xD": 0.966,
          "xB": 0.005
        },
        "realized": {
          "xD": 0.9659999999999996,
          "xB": 0.0049999999999992455
        },
        "inputs": {
          "R": 1.9509418999838162,
          "S": 1.7103204402006797
        },
        "objective": 14.132981321998502,
        "converged": true,
        "active_constraints": [],
        "model_plant_gap": 0.0003532125968952471,
        "type": "MA",
        "iteration": 1
      },
      "settled_since_prev": false
    },
    {
      "t": 60.0,
      "setpoints": {
        "xD": 0.966,
        "xB": 0.008
      },
      "rto_type": "MA",
      "rto_status": {
        "setpoints": {
          "xD": 0.966,
          "xB": 0.008
        },
        "realized": {
          "xD": 0.966000000000002,
          "xB": 0.008000000000001534
        },
        "inputs": {
          "R": 1.9504830878782975,
          "S": 1.7100097103091114
        },
        "objective": 14.12348536693836,
        "converged": true,
        "active_constraints": [],
        "model_plant_gap": 4.86502268426392e-05,
        "type": "MA",
        "iteration": 2
      },
      "settled_since_prev": false
    },
    {
      "t": 120.0,
      "setpoints": {
        "xD": 0.9658387434277051,
        "xB": 0.006617660200894862
      },
      "rto_type": "MA",
      "rto_status": {
        "setpoints": {
          "xD": 0.9658387434277051,
          "xB": 0.006617660200894862
        },
        "realized": {
          "xD": 0.9358387434277068,
          "xB": 0.006617660200896332
        },
        "inputs": {
          "R": 1.9506691846957482,
          "S": 1.7101442762263424
        },
        "objective": 14.122838813094535,
        "converged": true,
        "active_constraints": [],
        "model_plant_gap": 0.004288478414318675,
        "type": "MA",
        "iteration": 3
      },
      "settled_since_prev": false
    },
    {
      "t": 180.0,
      "setpoints": {
        "xD": 0.9656527249504694,
        "xB": 0.005757611268821343
      },
      "rto_type": "MA",
      "rto_status": {
        "setpoints": {
          "xD": 0.9656527249504694,
          "xB": 0.005757611268821343
        },
        "realized": {
          "xD": 0.935652724950468,
          "xB": 0.005757611268820613
        },
        "inputs": {
          "R": 1.9507715165160897,
          "S": 1.710223422563782
        },
        "objective": 14.12441155970529,
        "converged": true,
        "active_constraints": [],
        "model_plant_gap": 0.006163942381615328,
        "type": "MA",
        "iteration": 4
      },
      "settled_since_prev": false
    },
    {
      "t": 240.0,
      "setpoints": {
        "xD": 0.9654197115869605,
        "xB": 0.005129889337032144
      },
      "rto_type": "MA",
      "rto_status": {
        "setpoints": {
          "xD": 0.9654197115869605,
          "xB": 0.005129889337032144
        },
        "realized": {
          "xD": 0.935419711586958,
          "xB": 0.005129889337030109
        },
        "inputs": {
          "R": 1.9508309394426049,
          "S": 1.7102759954115547
        },
        "objective": 14.124504819111747,
        "converged": true,
        "active_constraints": [],
        "model_plant_gap": 0.007661782980459719,
        "type": "MA",
        "iteration": 5
      },
      "settled_since_prev": false
    }
  ],
  "agent_decisions": [],
  "final_realized": {
    "xD": 0.9613093247896203,
    "xB": 0.005471300641634785
  },
  "final_setpoint": {
    "xD": 0.9654197115869605,
    "xB": 0.005129889337032144
  },
  "n_rto_commands": 5,
  "n_agent_decisions": 0,
  "n_agent_actions": 0
}