{
  "scenario": {
    "scenario_id": "R3",
    "regime": "economic-shift",
    "mechanism": "steam (reboiler-energy) cost c_S multiplied by `factor` at the event",
    "expected_supervisory_response": "trigger_rto_run -> RTO re-optimizes to a lower-purity, lower-energy operating point"
  },
  "config": {
    "model": "qwen3:30b",
    "rto_variant": "ma-gp",
    "agentic": false,
    "supervisor": "none",
    "seed": 42
  },
  "rto_handoffs": [
    {
      "t": 0.0,
      "setpoints": {
        "xD": 0.9175488885212701,
        "xB": 0.03621687824604672
      },
      "rto_type": "MA-GP",
      "rto_status": {
        "setpoints": {
          "xD": 0.9175488885212701,
          "xB": 0.03621687824604672
        },
        "realized": {
          "xD": 0.9175488885212716,
          "xB": 0.03621687824604775
        },
        "inputs": {
          "R": 1.938561655918938,
          "S": 1.7044994871556156
        },
        "objective": 13.83112687987943,
        "converged": false,
        "active_constraints": [],
        "model_plant_gap": 0.002227229838704048,
        "type": "MA-GP",
        "iteration": 1,
        "trust_radius": 0.2
      },
      "settled_since_prev": false
    },
    {
      "t": 60.0,
      "setpoints": {
        "xD": 0.9511594786914026,
        "xB": 0.006904672334600325
      },
      "rto_type": "MA-GP",
      "rto_status": {
        "setpoints": {
          "xD": 0.9511594786914026,
          "xB": 0.006904672334600325
        },
        "realized": {
          "xD": 0.9511594786914044,
          "xB": 0.006904672334602164
        },
        "inputs": {
          "R": 1.9483208899456972,
          "S": 1.7093305773869587
        },
        "objective": 14.128803510534865,
        "converged": false,
        "active_constraints": [],
        "model_plant_gap": 0.00021851964919328282,
        "type": "MA-GP",
        "iteration": 2,
        "trust_radius": 0.2
      },
      "settled_since_prev": false
    },
    {
      "t": 100.0,
      "setpoints": {
        "xD": 0.9511594786914026,
        "xB": 0.006904672334600325
      },
      "rto_type": "MA-GP",
      "rto_status": {
        "setpoints": {
          "xD": 0.9511594786914026,
          "xB": 0.006904672334600325
        },
        "realized": {
          "xD": 0.9511594786914044,
          "xB": 0.006904672334602164
        },
        "inputs": {
          "R": 1.9483208899456972,
          "S": 1.7093305773869587
        },
        "objective": 13.587448372466774,
        "converged": false,
        "active_constraints": [],
        "model_plant_gap": -0.5411366184189159,
        "type": "MA-GP",
        "iteration": 3,
        "trust_radius": 0.2
      },
      "settled_since_prev": false
    },
    {
      "t": 120.0,
      "setpoints": {
        "xD": 0.9511594786914026,
        "xB": 0.006904672334600325
      },
      "rto_type": "MA-GP",
      "rto_status": {
        "setpoints": {
          "xD": 0.9511594786914026,
          "xB": 0.006904672334600325
        },
        "realized": {
          "xD": 0.9511594786914044,
          "xB": 0.006904672334602164
        },
        "inputs": {
          "R": 1.9483208899456972,
          "S": 1.7093305773869587
        },
        "objective": 13.587448372466774,
        "converged": false,
        "active_constraints": [],
        "model_plant_gap": -0.5411366184189159,
        "type": "MA-GP",
        "iteration": 4,
        "trust_radius": 0.2
      },
      "settled_since_prev": false
    },
    {
      "t": 180.0,
      "setpoints": {
        "xD": 0.9511594786914026,
        "xB": 0.006904672334600325
      },
      "rto_type": "MA-GP",
      "rto_status": {
        "setpoints": {
          "xD": 0.9511594786914026,
          "xB": 0.006904672334600325
        },
        "realized": {
          "xD": 0.9511594786914044,
          "xB": 0.006904672334602164
        },
        "inputs": {
          "R": 1.9483208899456972,
          "S": 1.7093305773869587
        },
        "objective": 13.587448372466774,
        "converged": false,
        "active_constraints": [],
        "model_plant_gap": -0.5411366184189159,
        "type": "MA-GP",
        "iteration": 5,
        "trust_radius": 0.2
      },
      "settled_since_prev": false
    },
    {
      "t": 240.0,
      "setpoints": {
        "xD": 0.9511594786914026,
        "xB": 0.006904672334600325
      },
      "rto_type": "MA-GP",
      "rto_status": {
        "setpoints": {
          "xD": 0.9511594786914026,
          "xB": 0.006904672334600325
        },
        "realized": {
          "xD": 0.9511594786914044,
          "xB": 0.006904672334602164
        },
        "inputs": {
          "R": 1.9483208899456972,
          "S": 1.7093305773869587
        },
        "objective": 13.587448372466774,
        "converged": false,
        "active_constraints": [],
        "model_plant_gap": -0.5411366184189159,
        "type": "MA-GP",
        "iteration": 6,
        "trust_radius": 0.2
      },
      "settled_since_prev": false
    }
  ],
  "agent_decisions": [],
  "final_realized": {
    "xD": 0.9602627024053808,
    "xB": 0.004950462361994354
  },
  "final_setpoint": {
    "xD": 0.96,
    "xB": 0.005
  },
  "n_rto_commands": 6,
  "n_agent_decisions": 0,
  "n_agent_actions": 0
}