{
  "scenario": {
    "scenario_id": "R7",
    "regime": "mpc-tracking degradation",
    "mechanism": "step xD output (load) disturbance -0.03 the MPC must reject; offset + ISE rise",
    "expected_supervisory_response": "agent sees biased innovation / rising ISE; MA/MA-GP or a target nudge restores it"
  },
  "config": {
    "model": "qwen3:30b",
    "rto_variant": "ma",
    "agentic": false,
    "supervisor": "none",
    "seed": 42
  },
  "rto_handoffs": [
    {
      "t": 0.0,
      "setpoints": {
        "xD": 0.966,
        "xB": 0.005
      },
      "rto_type": "MA",
      "rto_status": {
        "setpoints": {
          "xD": 0.966,
          "xB": 0.005
        },
        "realized": {
          "xD": 0.9659999999999996,
          "xB": 0.0049999999999992455
        },
        "inputs": {
          "R": 1.9509418999838162,
          "S": 1.7103204402006797
        },
        "objective": 14.132981321998502,
        "converged": true,
        "active_constraints": [],
        "model_plant_gap": 4.9135454327497996e-05,
        "type": "MA",
        "iteration": 1
      },
      "settled_since_prev": false
    },
    {
      "t": 60.0,
      "setpoints": {
        "xD": 0.966,
        "xB": 0.008
      },
      "rto_type": "MA",
      "rto_status": {
        "setpoints": {
          "xD": 0.966,
          "xB": 0.008
        },
        "realized": {
          "xD": 0.966000000000002,
          "xB": 0.008000000000001534
        },
        "inputs": {
          "R": 1.9504830878782975,
          "S": 1.7100097103091114
        },
        "objective": 14.12348536693836,
        "converged": true,
        "active_constraints": [],
        "model_plant_gap": 6.999939131269173e-05,
        "type": "MA",
        "iteration": 2
      },
      "settled_since_prev": false
    },
    {
      "t": 120.0,
      "setpoints": {
        "xD": 0.9654518150365288,
        "xB": 0.00641943454331065
      },
      "rto_type": "MA",
      "rto_status": {
        "setpoints": {
          "xD": 0.9654518150365288,
          "xB": 0.00641943454331065
        },
        "realized": {
          "xD": 0.9354518150365296,
          "xB": 0.00641943454331197
        },
        "inputs": {
          "R": 1.950638759498625,
          "S": 1.7101441432034852
        },
        "objective": 14.123107284402346,
        "converged": true,
        "active_constraints": [],
        "model_plant_gap": 0.007602601394028241,
        "type": "MA",
        "iteration": 3
      },
      "settled_since_prev": false
    },
    {
      "t": 180.0,
      "setpoints": {
        "xD": 0.9649456151257041,
        "xB": 0.005460342119383838
      },
      "rto_type": "MA",
      "rto_status": {
        "setpoints": {
          "xD": 0.9649456151257041,
          "xB": 0.005460342119383838
        },
        "realized": {
          "xD": 0.9349456151257035,
          "xB": 0.00546034211938384
        },
        "inputs": {
          "R": 1.9507059756221257,
          "S": 1.7102164482982807
        },
        "objective": 14.124181809365774,
        "converged": true,
        "active_constraints": [],
        "model_plant_gap": 0.007862241043472551,
        "type": "MA",
        "iteration": 4
      },
      "settled_since_prev": false
    },
    {
      "t": 240.0,
      "setpoints": {
        "xD": 0.9643869255794913,
        "xB": 0.004782479719217797
      },
      "rto_type": "MA",
      "rto_status": {
        "setpoints": {
          "xD": 0.9643869255794913,
          "xB": 0.004782479719217797
        },
        "realized": {
          "xD": 0.9343869255794922,
          "xB": 0.004782479719218298
        },
        "inputs": {
          "R": 1.9507219411680605,
          "S": 1.710256821236597
        },
        "objective": 14.123489091922126,
        "converged": true,
        "active_constraints": [],
        "model_plant_gap": 0.00863236180934912,
        "type": "MA",
        "iteration": 5
      },
      "settled_since_prev": false
    }
  ],
  "agent_decisions": [],
  "final_realized": {
    "xD": 0.9605549635161792,
    "xB": 0.005301279046856608
  },
  "final_setpoint": {
    "xD": 0.9643869255794913,
    "xB": 0.004782479719217797
  },
  "n_rto_commands": 5,
  "n_agent_decisions": 0,
  "n_agent_actions": 0
}