{
  "scenario": {
    "scenario_id": "R2",
    "regime": "model-mismatch (abrupt)",
    "mechanism": "equipment fault: step -10% R->xD gain (the fault) + xD output bias -0.015 (the load term that carries the RTO-detectable signal)",
    "expected_supervisory_response": "MA/MA-GP correct the load gap; the gain change alone is sub-threshold at the optimum"
  },
  "config": {
    "model": "qwen3:30b",
    "rto_variant": "ma",
    "agentic": false,
    "supervisor": "none",
    "seed": 42
  },
  "rto_handoffs": [
    {
      "t": 0.0,
      "setpoints": {
        "xD": 0.966,
        "xB": 0.005
      },
      "rto_type": "MA",
      "rto_status": {
        "setpoints": {
          "xD": 0.966,
          "xB": 0.005
        },
        "realized": {
          "xD": 0.9659999999999996,
          "xB": 0.0049999999999992455
        },
        "inputs": {
          "R": 1.9509418999838162,
          "S": 1.7103204402006797
        },
        "objective": 14.132981321998502,
        "converged": true,
        "active_constraints": [],
        "model_plant_gap": 4.9135454327497996e-05,
        "type": "MA",
        "iteration": 1
      },
      "settled_since_prev": false
    },
    {
      "t": 60.0,
      "setpoints": {
        "xD": 0.966,
        "xB": 0.008
      },
      "rto_type": "MA",
      "rto_status": {
        "setpoints": {
          "xD": 0.966,
          "xB": 0.008
        },
        "realized": {
          "xD": 0.966000000000002,
          "xB": 0.008000000000001534
        },
        "inputs": {
          "R": 1.9504830878782975,
          "S": 1.7100097103091114
        },
        "objective": 14.12348536693836,
        "converged": true,
        "active_constraints": [],
        "model_plant_gap": 6.999939131269173e-05,
        "type": "MA",
        "iteration": 2
      },
      "settled_since_prev": false
    },
    {
      "t": 120.0,
      "setpoints": {
        "xD": 0.9652383278896371,
        "xB": 0.006820540988617761
      },
      "rto_type": "MA",
      "rto_status": {
        "setpoints": {
          "xD": 0.9652383278896371,
          "xB": 0.006820540988617761
        },
        "realized": {
          "xD": 0.9495421340835278,
          "xB": 0.006820540988617037
        },
        "inputs": {
          "R": 1.9505439014110217,
          "S": 1.7100911963053673
        },
        "objective": 14.128645537696197,
        "converged": true,
        "active_constraints": [],
        "model_plant_gap": 0.0015717779148687328,
        "type": "MA",
        "iteration": 3
      },
      "settled_since_prev": false
    },
    {
      "t": 180.0,
      "setpoints": {
        "xD": 0.9646016384650546,
        "xB": 0.006068064144687647
      },
      "rto_type": "MA",
      "rto_status": {
        "setpoints": {
          "xD": 0.9646016384650546,
          "xB": 0.006068064144687647
        },
        "realized": {
          "xD": 0.948886075440489,
          "xB": 0.006068064144688207
        },
        "inputs": {
          "R": 1.9505590336129428,
          "S": 1.710135131840244
        },
        "objective": 14.130544470461766,
        "converged": true,
        "active_constraints": [],
        "model_plant_gap": 0.0011582034277299869,
        "type": "MA",
        "iteration": 4
      },
      "settled_since_prev": false
    },
    {
      "t": 240.0,
      "setpoints": {
        "xD": 0.9639487495838046,
        "xB": 0.005501287068817095
      },
      "rto_type": "MA",
      "rto_status": {
        "setpoints": {
          "xD": 0.9639487495838046,
          "xB": 0.005501287068817095
        },
        "realized": {
          "xD": 0.9482534249932847,
          "xB": 0.0055012870688150705
        },
        "inputs": {
          "R": 1.9505432223363421,
          "S": 1.710158968059332
        },
        "objective": 14.13119368262074,
        "converged": true,
        "active_constraints": [],
        "model_plant_gap": 0.0013602021511207596,
        "type": "MA",
        "iteration": 5
      },
      "settled_since_prev": false
    }
  ],
  "agent_decisions": [],
  "final_realized": {
    "xD": 0.9617183732214705,
    "xB": 0.005944317233537499
  },
  "final_setpoint": {
    "xD": 0.9639487495838046,
    "xB": 0.005501287068817095
  },
  "n_rto_commands": 5,
  "n_agent_decisions": 0,
  "n_agent_actions": 0
}